<?xml version="1.0" encoding="UTF-8"?>
<地図 xmlns="http://www.moj.go.jp/MINJI/tizuxml" xmlns:zmn="http://www.moj.go.jp/MINJI/tizuzumen" xmlns:xsi="http://www.w3.org/2001/XMLSchema-instance" xsi:schemaLocation="http://www.moj.go.jp/MINJI/tizuxml tizuxml.xsd">
	<version>ver1.0</version>
	<地図名>１９９４土地改良図諸富町大字為重</地図名>
	<市区町村コード>41201</市区町村コード>
	<市区町村名>佐賀市</市区町村名>
	<座標系>公共座標2系</座標系>
	<測地系判別>変換</測地系判別>
	<変換プログラム>TKY2JGD</変換プログラム>
	<変換プログラムバージョン>1.3.77</変換プログラムバージョン>
	<変換パラメータバージョン>2.0.6</変換パラメータバージョン>
	<空間属性>
		<zmn:GM_Point id="P000000001">
			<zmn:GM_Point.position>
				<zmn:DirectPosition>
					<zmn:X>23691.958</zmn:X>
					<zmn:Y>-61677.081</zmn:Y>
				</zmn:DirectPosition>
			</zmn:GM_Point.position>
		</zmn:GM_Point>
		<zmn:GM_Point id="P000000002">
			<zmn:GM_Point.position>
				<zmn:DirectPosition>
					<zmn:X>23733.969</zmn:X>
					<zmn:Y>-61770.191</zmn:Y>
				</zmn:DirectPosition>
			</zmn:GM_Point.position>
		</zmn:GM_Point>
		<zmn:GM_Point id="P000000003">
			<zmn:GM_Point.position>
				<zmn:DirectPosition>
					<zmn:X>23679.672</zmn:X>
					<zmn:Y>-61800.294</zmn:Y>
				</zmn:DirectPosition>
			</zmn:GM_Point.position>
		</zmn:GM_Point>
		<zmn:GM_Point id="P000000004">
			<zmn:GM_Point.position>
				<zmn:DirectPosition>
					<zmn:X>23654.443</zmn:X>
					<zmn:Y>-61757.570</zmn:Y>
				</zmn:DirectPosition>
			</zmn:GM_Point.position>
		</zmn:GM_Point>
		<zmn:GM_Point id="P000000005">
			<zmn:GM_Point.position>
				<zmn:DirectPosition>
					<zmn:X>23635.537</zmn:X>
					<zmn:Y>-61679.534</zmn:Y>
				</zmn:DirectPosition>
			</zmn:GM_Point.position>
		</zmn:GM_Point>
		<zmn:GM_Point id="P000000006">
			<zmn:GM_Point.position>
				<zmn:DirectPosition>
					<zmn:X>23622.675</zmn:X>
					<zmn:Y>-61820.723</zmn:Y>
				</zmn:DirectPosition>
			</zmn:GM_Point.position>
		</zmn:GM_Point>
		<zmn:GM_Point id="P000000007">
			<zmn:GM_Point.position>
				<zmn:DirectPosition>
					<zmn:X>23771.882</zmn:X>
					<zmn:Y>-61777.365</zmn:Y>
				</zmn:DirectPosition>
			</zmn:GM_Point.position>
		</zmn:GM_Point>
		<zmn:GM_Point id="P000000008">
			<zmn:GM_Point.position>
				<zmn:DirectPosition>
					<zmn:X>23772.675</zmn:X>
					<zmn:Y>-61820.721</zmn:Y>
				</zmn:DirectPosition>
			</zmn:GM_Point.position>
		</zmn:GM_Point>
		<zmn:GM_Point id="P000000009">
			<zmn:GM_Point.position>
				<zmn:DirectPosition>
					<zmn:X>23772.675</zmn:X>
					<zmn:Y>-61772.692</zmn:Y>
				</zmn:DirectPosition>
			</zmn:GM_Point.position>
		</zmn:GM_Point>
		<zmn:GM_Point id="P000000010">
			<zmn:GM_Point.position>
				<zmn:DirectPosition>
					<zmn:X>23772.673</zmn:X>
					<zmn:Y>-61620.722</zmn:Y>
				</zmn:DirectPosition>
			</zmn:GM_Point.position>
		</zmn:GM_Point>
		<zmn:GM_Point id="P000000011">
			<zmn:GM_Point.position>
				<zmn:DirectPosition>
					<zmn:X>23622.672</zmn:X>
					<zmn:Y>-61620.725</zmn:Y>
				</zmn:DirectPosition>
			</zmn:GM_Point.position>
		</zmn:GM_Point>
		<zmn:GM_Point id="P000000012">
			<zmn:GM_Point.position>
				<zmn:DirectPosition>
					<zmn:X>23764.077</zmn:X>
					<zmn:Y>-61820.721</zmn:Y>
				</zmn:DirectPosition>
			</zmn:GM_Point.position>
		</zmn:GM_Point>
		<zmn:GM_Point id="P000000013">
			<zmn:GM_Point.position>
				<zmn:DirectPosition>
					<zmn:X>23766.104</zmn:X>
					<zmn:Y>-61802.192</zmn:Y>
				</zmn:DirectPosition>
			</zmn:GM_Point.position>
		</zmn:GM_Point>
		<zmn:GM_Point id="P000000014">
			<zmn:GM_Point.position>
				<zmn:DirectPosition>
					<zmn:X>23766.136</zmn:X>
					<zmn:Y>-61799.522</zmn:Y>
				</zmn:DirectPosition>
			</zmn:GM_Point.position>
		</zmn:GM_Point>
		<zmn:GM_Point id="P000000015">
			<zmn:GM_Point.position>
				<zmn:DirectPosition>
					<zmn:X>23766.168</zmn:X>
					<zmn:Y>-61804.449</zmn:Y>
				</zmn:DirectPosition>
			</zmn:GM_Point.position>
		</zmn:GM_Point>
		<zmn:GM_Point id="P000000016">
			<zmn:GM_Point.position>
				<zmn:DirectPosition>
					<zmn:X>23766.897</zmn:X>
					<zmn:Y>-61798.823</zmn:Y>
				</zmn:DirectPosition>
			</zmn:GM_Point.position>
		</zmn:GM_Point>
		<zmn:GM_Point id="P000000017">
			<zmn:GM_Point.position>
				<zmn:DirectPosition>
					<zmn:X>23768.643</zmn:X>
					<zmn:Y>-61796.883</zmn:Y>
				</zmn:DirectPosition>
			</zmn:GM_Point.position>
		</zmn:GM_Point>
		<zmn:GM_Point id="P000000018">
			<zmn:GM_Point.position>
				<zmn:DirectPosition>
					<zmn:X>23771.277</zmn:X>
					<zmn:Y>-61793.608</zmn:Y>
				</zmn:DirectPosition>
			</zmn:GM_Point.position>
		</zmn:GM_Point>
		<zmn:GM_Curve id="C000000001">
			<zmn:GM_OrientablePrimitive.orientation>+</zmn:GM_OrientablePrimitive.orientation>
			<zmn:GM_OrientablePrimitive.primitive idref="C000000001"/>
			<zmn:GM_Curve.segment>
				<zmn:GM_LineString>
					<zmn:GM_LineString.controlPoint>
						<zmn:GM_PointArray.column>
							<zmn:GM_Position.direct>
								<zmn:X>23622.672</zmn:X>
								<zmn:Y>-61620.725</zmn:Y>
							</zmn:GM_Position.direct>
						</zmn:GM_PointArray.column>
						<zmn:GM_PointArray.column>
							<zmn:GM_Position.direct>
								<zmn:X>23622.675</zmn:X>
								<zmn:Y>-61820.723</zmn:Y>
							</zmn:GM_Position.direct>
						</zmn:GM_PointArray.column>
					</zmn:GM_LineString.controlPoint>
				</zmn:GM_LineString>
			</zmn:GM_Curve.segment>
		</zmn:GM_Curve>
		<zmn:GM_Curve id="C000000002">
			<zmn:GM_OrientablePrimitive.orientation>+</zmn:GM_OrientablePrimitive.orientation>
			<zmn:GM_OrientablePrimitive.primitive idref="C000000002"/>
			<zmn:GM_Curve.segment>
				<zmn:GM_LineString>
					<zmn:GM_LineString.controlPoint>
						<zmn:GM_PointArray.column>
							<zmn:GM_Position.direct>
								<zmn:X>23622.672</zmn:X>
								<zmn:Y>-61620.725</zmn:Y>
							</zmn:GM_Position.direct>
						</zmn:GM_PointArray.column>
						<zmn:GM_PointArray.column>
							<zmn:GM_Position.direct>
								<zmn:X>23622.675</zmn:X>
								<zmn:Y>-61820.723</zmn:Y>
							</zmn:GM_Position.direct>
						</zmn:GM_PointArray.column>
					</zmn:GM_LineString.controlPoint>
				</zmn:GM_LineString>
			</zmn:GM_Curve.segment>
		</zmn:GM_Curve>
		<zmn:GM_Curve id="C000000003">
			<zmn:GM_OrientablePrimitive.orientation>+</zmn:GM_OrientablePrimitive.orientation>
			<zmn:GM_OrientablePrimitive.primitive idref="C000000003"/>
			<zmn:GM_Curve.segment>
				<zmn:GM_LineString>
					<zmn:GM_LineString.controlPoint>
						<zmn:GM_PointArray.column>
							<zmn:GM_Position.indirect>
								<zmn:GM_PointRef.point idref="P000000013"/>
							</zmn:GM_Position.indirect>
						</zmn:GM_PointArray.column>
						<zmn:GM_PointArray.column>
							<zmn:GM_Position.indirect>
								<zmn:GM_PointRef.point idref="P000000016"/>
							</zmn:GM_Position.indirect>
						</zmn:GM_PointArray.column>
					</zmn:GM_LineString.controlPoint>
				</zmn:GM_LineString>
			</zmn:GM_Curve.segment>
		</zmn:GM_Curve>
		<zmn:GM_Curve id="C000000004">
			<zmn:GM_OrientablePrimitive.orientation>+</zmn:GM_OrientablePrimitive.orientation>
			<zmn:GM_OrientablePrimitive.primitive idref="C000000004"/>
			<zmn:GM_Curve.segment>
				<zmn:GM_LineString>
					<zmn:GM_LineString.controlPoint>
						<zmn:GM_PointArray.column>
							<zmn:GM_Position.indirect>
								<zmn:GM_PointRef.point idref="P000000016"/>
							</zmn:GM_Position.indirect>
						</zmn:GM_PointArray.column>
						<zmn:GM_PointArray.column>
							<zmn:GM_Position.indirect>
								<zmn:GM_PointRef.point idref="P000000014"/>
							</zmn:GM_Position.indirect>
						</zmn:GM_PointArray.column>
					</zmn:GM_LineString.controlPoint>
				</zmn:GM_LineString>
			</zmn:GM_Curve.segment>
		</zmn:GM_Curve>
		<zmn:GM_Curve id="C000000005">
			<zmn:GM_OrientablePrimitive.orientation>+</zmn:GM_OrientablePrimitive.orientation>
			<zmn:GM_OrientablePrimitive.primitive idref="C000000005"/>
			<zmn:GM_Curve.segment>
				<zmn:GM_LineString>
					<zmn:GM_LineString.controlPoint>
						<zmn:GM_PointArray.column>
							<zmn:GM_Position.indirect>
								<zmn:GM_PointRef.point idref="P000000014"/>
							</zmn:GM_Position.indirect>
						</zmn:GM_PointArray.column>
						<zmn:GM_PointArray.column>
							<zmn:GM_Position.indirect>
								<zmn:GM_PointRef.point idref="P000000013"/>
							</zmn:GM_Position.indirect>
						</zmn:GM_PointArray.column>
					</zmn:GM_LineString.controlPoint>
				</zmn:GM_LineString>
			</zmn:GM_Curve.segment>
		</zmn:GM_Curve>
		<zmn:GM_Curve id="C000000006">
			<zmn:GM_OrientablePrimitive.orientation>+</zmn:GM_OrientablePrimitive.orientation>
			<zmn:GM_OrientablePrimitive.primitive idref="C000000006"/>
			<zmn:GM_Curve.segment>
				<zmn:GM_LineString>
					<zmn:GM_LineString.controlPoint>
						<zmn:GM_PointArray.column>
							<zmn:GM_Position.indirect>
								<zmn:GM_PointRef.point idref="P000000006"/>
							</zmn:GM_Position.indirect>
						</zmn:GM_PointArray.column>
						<zmn:GM_PointArray.column>
							<zmn:GM_Position.indirect>
								<zmn:GM_PointRef.point idref="P000000012"/>
							</zmn:GM_Position.indirect>
						</zmn:GM_PointArray.column>
					</zmn:GM_LineString.controlPoint>
				</zmn:GM_LineString>
			</zmn:GM_Curve.segment>
		</zmn:GM_Curve>
		<zmn:GM_Curve id="C000000007">
			<zmn:GM_OrientablePrimitive.orientation>+</zmn:GM_OrientablePrimitive.orientation>
			<zmn:GM_OrientablePrimitive.primitive idref="C000000007"/>
			<zmn:GM_Curve.segment>
				<zmn:GM_LineString>
					<zmn:GM_LineString.controlPoint>
						<zmn:GM_PointArray.column>
							<zmn:GM_Position.indirect>
								<zmn:GM_PointRef.point idref="P000000012"/>
							</zmn:GM_Position.indirect>
						</zmn:GM_PointArray.column>
						<zmn:GM_PointArray.column>
							<zmn:GM_Position.indirect>
								<zmn:GM_PointRef.point idref="P000000015"/>
							</zmn:GM_Position.indirect>
						</zmn:GM_PointArray.column>
					</zmn:GM_LineString.controlPoint>
				</zmn:GM_LineString>
			</zmn:GM_Curve.segment>
		</zmn:GM_Curve>
		<zmn:GM_Curve id="C000000008">
			<zmn:GM_OrientablePrimitive.orientation>+</zmn:GM_OrientablePrimitive.orientation>
			<zmn:GM_OrientablePrimitive.primitive idref="C000000008"/>
			<zmn:GM_Curve.segment>
				<zmn:GM_LineString>
					<zmn:GM_LineString.controlPoint>
						<zmn:GM_PointArray.column>
							<zmn:GM_Position.indirect>
								<zmn:GM_PointRef.point idref="P000000015"/>
							</zmn:GM_Position.indirect>
						</zmn:GM_PointArray.column>
						<zmn:GM_PointArray.column>
							<zmn:GM_Position.indirect>
								<zmn:GM_PointRef.point idref="P000000013"/>
							</zmn:GM_Position.indirect>
						</zmn:GM_PointArray.column>
					</zmn:GM_LineString.controlPoint>
				</zmn:GM_LineString>
			</zmn:GM_Curve.segment>
		</zmn:GM_Curve>
		<zmn:GM_Curve id="C000000009">
			<zmn:GM_OrientablePrimitive.orientation>+</zmn:GM_OrientablePrimitive.orientation>
			<zmn:GM_OrientablePrimitive.primitive idref="C000000009"/>
			<zmn:GM_Curve.segment>
				<zmn:GM_LineString>
					<zmn:GM_LineString.controlPoint>
						<zmn:GM_PointArray.column>
							<zmn:GM_Position.indirect>
								<zmn:GM_PointRef.point idref="P000000013"/>
							</zmn:GM_Position.indirect>
						</zmn:GM_PointArray.column>
						<zmn:GM_PointArray.column>
							<zmn:GM_Position.indirect>
								<zmn:GM_PointRef.point idref="P000000014"/>
							</zmn:GM_Position.indirect>
						</zmn:GM_PointArray.column>
					</zmn:GM_LineString.controlPoint>
				</zmn:GM_LineString>
			</zmn:GM_Curve.segment>
		</zmn:GM_Curve>
		<zmn:GM_Curve id="C000000010">
			<zmn:GM_OrientablePrimitive.orientation>+</zmn:GM_OrientablePrimitive.orientation>
			<zmn:GM_OrientablePrimitive.primitive idref="C000000010"/>
			<zmn:GM_Curve.segment>
				<zmn:GM_LineString>
					<zmn:GM_LineString.controlPoint>
						<zmn:GM_PointArray.column>
							<zmn:GM_Position.indirect>
								<zmn:GM_PointRef.point idref="P000000014"/>
							</zmn:GM_Position.indirect>
						</zmn:GM_PointArray.column>
						<zmn:GM_PointArray.column>
							<zmn:GM_Position.indirect>
								<zmn:GM_PointRef.point idref="P000000016"/>
							</zmn:GM_Position.indirect>
						</zmn:GM_PointArray.column>
					</zmn:GM_LineString.controlPoint>
				</zmn:GM_LineString>
			</zmn:GM_Curve.segment>
		</zmn:GM_Curve>
		<zmn:GM_Curve id="C000000011">
			<zmn:GM_OrientablePrimitive.orientation>+</zmn:GM_OrientablePrimitive.orientation>
			<zmn:GM_OrientablePrimitive.primitive idref="C000000011"/>
			<zmn:GM_Curve.segment>
				<zmn:GM_LineString>
					<zmn:GM_LineString.controlPoint>
						<zmn:GM_PointArray.column>
							<zmn:GM_Position.indirect>
								<zmn:GM_PointRef.point idref="P000000016"/>
							</zmn:GM_Position.indirect>
						</zmn:GM_PointArray.column>
						<zmn:GM_PointArray.column>
							<zmn:GM_Position.indirect>
								<zmn:GM_PointRef.point idref="P000000017"/>
							</zmn:GM_Position.indirect>
						</zmn:GM_PointArray.column>
					</zmn:GM_LineString.controlPoint>
				</zmn:GM_LineString>
			</zmn:GM_Curve.segment>
		</zmn:GM_Curve>
		<zmn:GM_Curve id="C000000012">
			<zmn:GM_OrientablePrimitive.orientation>+</zmn:GM_OrientablePrimitive.orientation>
			<zmn:GM_OrientablePrimitive.primitive idref="C000000012"/>
			<zmn:GM_Curve.segment>
				<zmn:GM_LineString>
					<zmn:GM_LineString.controlPoint>
						<zmn:GM_PointArray.column>
							<zmn:GM_Position.indirect>
								<zmn:GM_PointRef.point idref="P000000017"/>
							</zmn:GM_Position.indirect>
						</zmn:GM_PointArray.column>
						<zmn:GM_PointArray.column>
							<zmn:GM_Position.indirect>
								<zmn:GM_PointRef.point idref="P000000018"/>
							</zmn:GM_Position.indirect>
						</zmn:GM_PointArray.column>
					</zmn:GM_LineString.controlPoint>
				</zmn:GM_LineString>
			</zmn:GM_Curve.segment>
		</zmn:GM_Curve>
		<zmn:GM_Curve id="C000000013">
			<zmn:GM_OrientablePrimitive.orientation>+</zmn:GM_OrientablePrimitive.orientation>
			<zmn:GM_OrientablePrimitive.primitive idref="C000000013"/>
			<zmn:GM_Curve.segment>
				<zmn:GM_LineString>
					<zmn:GM_LineString.controlPoint>
						<zmn:GM_PointArray.column>
							<zmn:GM_Position.indirect>
								<zmn:GM_PointRef.point idref="P000000018"/>
							</zmn:GM_Position.indirect>
						</zmn:GM_PointArray.column>
						<zmn:GM_PointArray.column>
							<zmn:GM_Position.indirect>
								<zmn:GM_PointRef.point idref="P000000007"/>
							</zmn:GM_Position.indirect>
						</zmn:GM_PointArray.column>
					</zmn:GM_LineString.controlPoint>
				</zmn:GM_LineString>
			</zmn:GM_Curve.segment>
		</zmn:GM_Curve>
		<zmn:GM_Curve id="C000000014">
			<zmn:GM_OrientablePrimitive.orientation>+</zmn:GM_OrientablePrimitive.orientation>
			<zmn:GM_OrientablePrimitive.primitive idref="C000000014"/>
			<zmn:GM_Curve.segment>
				<zmn:GM_LineString>
					<zmn:GM_LineString.controlPoint>
						<zmn:GM_PointArray.column>
							<zmn:GM_Position.indirect>
								<zmn:GM_PointRef.point idref="P000000007"/>
							</zmn:GM_Position.indirect>
						</zmn:GM_PointArray.column>
						<zmn:GM_PointArray.column>
							<zmn:GM_Position.indirect>
								<zmn:GM_PointRef.point idref="P000000009"/>
							</zmn:GM_Position.indirect>
						</zmn:GM_PointArray.column>
					</zmn:GM_LineString.controlPoint>
				</zmn:GM_LineString>
			</zmn:GM_Curve.segment>
		</zmn:GM_Curve>
		<zmn:GM_Curve id="C000000015">
			<zmn:GM_OrientablePrimitive.orientation>+</zmn:GM_OrientablePrimitive.orientation>
			<zmn:GM_OrientablePrimitive.primitive idref="C000000015"/>
			<zmn:GM_Curve.segment>
				<zmn:GM_LineString>
					<zmn:GM_LineString.controlPoint>
						<zmn:GM_PointArray.column>
							<zmn:GM_Position.indirect>
								<zmn:GM_PointRef.point idref="P000000009"/>
							</zmn:GM_Position.indirect>
						</zmn:GM_PointArray.column>
						<zmn:GM_PointArray.column>
							<zmn:GM_Position.indirect>
								<zmn:GM_PointRef.point idref="P000000010"/>
							</zmn:GM_Position.indirect>
						</zmn:GM_PointArray.column>
					</zmn:GM_LineString.controlPoint>
				</zmn:GM_LineString>
			</zmn:GM_Curve.segment>
		</zmn:GM_Curve>
		<zmn:GM_Curve id="C000000016">
			<zmn:GM_OrientablePrimitive.orientation>+</zmn:GM_OrientablePrimitive.orientation>
			<zmn:GM_OrientablePrimitive.primitive idref="C000000016"/>
			<zmn:GM_Curve.segment>
				<zmn:GM_LineString>
					<zmn:GM_LineString.controlPoint>
						<zmn:GM_PointArray.column>
							<zmn:GM_Position.indirect>
								<zmn:GM_PointRef.point idref="P000000010"/>
							</zmn:GM_Position.indirect>
						</zmn:GM_PointArray.column>
						<zmn:GM_PointArray.column>
							<zmn:GM_Position.indirect>
								<zmn:GM_PointRef.point idref="P000000011"/>
							</zmn:GM_Position.indirect>
						</zmn:GM_PointArray.column>
					</zmn:GM_LineString.controlPoint>
				</zmn:GM_LineString>
			</zmn:GM_Curve.segment>
		</zmn:GM_Curve>
		<zmn:GM_Curve id="C000000017">
			<zmn:GM_OrientablePrimitive.orientation>+</zmn:GM_OrientablePrimitive.orientation>
			<zmn:GM_OrientablePrimitive.primitive idref="C000000017"/>
			<zmn:GM_Curve.segment>
				<zmn:GM_LineString>
					<zmn:GM_LineString.controlPoint>
						<zmn:GM_PointArray.column>
							<zmn:GM_Position.indirect>
								<zmn:GM_PointRef.point idref="P000000011"/>
							</zmn:GM_Position.indirect>
						</zmn:GM_PointArray.column>
						<zmn:GM_PointArray.column>
							<zmn:GM_Position.indirect>
								<zmn:GM_PointRef.point idref="P000000006"/>
							</zmn:GM_Position.indirect>
						</zmn:GM_PointArray.column>
					</zmn:GM_LineString.controlPoint>
				</zmn:GM_LineString>
			</zmn:GM_Curve.segment>
		</zmn:GM_Curve>
		<zmn:GM_Curve id="C000000018">
			<zmn:GM_OrientablePrimitive.orientation>+</zmn:GM_OrientablePrimitive.orientation>
			<zmn:GM_OrientablePrimitive.primitive idref="C000000018"/>
			<zmn:GM_Curve.segment>
				<zmn:GM_LineString>
					<zmn:GM_LineString.controlPoint>
						<zmn:GM_PointArray.column>
							<zmn:GM_Position.indirect>
								<zmn:GM_PointRef.point idref="P000000012"/>
							</zmn:GM_Position.indirect>
						</zmn:GM_PointArray.column>
						<zmn:GM_PointArray.column>
							<zmn:GM_Position.indirect>
								<zmn:GM_PointRef.point idref="P000000008"/>
							</zmn:GM_Position.indirect>
						</zmn:GM_PointArray.column>
					</zmn:GM_LineString.controlPoint>
				</zmn:GM_LineString>
			</zmn:GM_Curve.segment>
		</zmn:GM_Curve>
		<zmn:GM_Curve id="C000000019">
			<zmn:GM_OrientablePrimitive.orientation>+</zmn:GM_OrientablePrimitive.orientation>
			<zmn:GM_OrientablePrimitive.primitive idref="C000000019"/>
			<zmn:GM_Curve.segment>
				<zmn:GM_LineString>
					<zmn:GM_LineString.controlPoint>
						<zmn:GM_PointArray.column>
							<zmn:GM_Position.indirect>
								<zmn:GM_PointRef.point idref="P000000008"/>
							</zmn:GM_Position.indirect>
						</zmn:GM_PointArray.column>
						<zmn:GM_PointArray.column>
							<zmn:GM_Position.indirect>
								<zmn:GM_PointRef.point idref="P000000009"/>
							</zmn:GM_Position.indirect>
						</zmn:GM_PointArray.column>
					</zmn:GM_LineString.controlPoint>
				</zmn:GM_LineString>
			</zmn:GM_Curve.segment>
		</zmn:GM_Curve>
		<zmn:GM_Curve id="C000000020">
			<zmn:GM_OrientablePrimitive.orientation>+</zmn:GM_OrientablePrimitive.orientation>
			<zmn:GM_OrientablePrimitive.primitive idref="C000000020"/>
			<zmn:GM_Curve.segment>
				<zmn:GM_LineString>
					<zmn:GM_LineString.controlPoint>
						<zmn:GM_PointArray.column>
							<zmn:GM_Position.indirect>
								<zmn:GM_PointRef.point idref="P000000009"/>
							</zmn:GM_Position.indirect>
						</zmn:GM_PointArray.column>
						<zmn:GM_PointArray.column>
							<zmn:GM_Position.indirect>
								<zmn:GM_PointRef.point idref="P000000007"/>
							</zmn:GM_Position.indirect>
						</zmn:GM_PointArray.column>
					</zmn:GM_LineString.controlPoint>
				</zmn:GM_LineString>
			</zmn:GM_Curve.segment>
		</zmn:GM_Curve>
		<zmn:GM_Curve id="C000000021">
			<zmn:GM_OrientablePrimitive.orientation>+</zmn:GM_OrientablePrimitive.orientation>
			<zmn:GM_OrientablePrimitive.primitive idref="C000000021"/>
			<zmn:GM_Curve.segment>
				<zmn:GM_LineString>
					<zmn:GM_LineString.controlPoint>
						<zmn:GM_PointArray.column>
							<zmn:GM_Position.indirect>
								<zmn:GM_PointRef.point idref="P000000007"/>
							</zmn:GM_Position.indirect>
						</zmn:GM_PointArray.column>
						<zmn:GM_PointArray.column>
							<zmn:GM_Position.indirect>
								<zmn:GM_PointRef.point idref="P000000018"/>
							</zmn:GM_Position.indirect>
						</zmn:GM_PointArray.column>
					</zmn:GM_LineString.controlPoint>
				</zmn:GM_LineString>
			</zmn:GM_Curve.segment>
		</zmn:GM_Curve>
		<zmn:GM_Curve id="C000000022">
			<zmn:GM_OrientablePrimitive.orientation>+</zmn:GM_OrientablePrimitive.orientation>
			<zmn:GM_OrientablePrimitive.primitive idref="C000000022"/>
			<zmn:GM_Curve.segment>
				<zmn:GM_LineString>
					<zmn:GM_LineString.controlPoint>
						<zmn:GM_PointArray.column>
							<zmn:GM_Position.indirect>
								<zmn:GM_PointRef.point idref="P000000018"/>
							</zmn:GM_Position.indirect>
						</zmn:GM_PointArray.column>
						<zmn:GM_PointArray.column>
							<zmn:GM_Position.indirect>
								<zmn:GM_PointRef.point idref="P000000017"/>
							</zmn:GM_Position.indirect>
						</zmn:GM_PointArray.column>
					</zmn:GM_LineString.controlPoint>
				</zmn:GM_LineString>
			</zmn:GM_Curve.segment>
		</zmn:GM_Curve>
		<zmn:GM_Curve id="C000000023">
			<zmn:GM_OrientablePrimitive.orientation>+</zmn:GM_OrientablePrimitive.orientation>
			<zmn:GM_OrientablePrimitive.primitive idref="C000000023"/>
			<zmn:GM_Curve.segment>
				<zmn:GM_LineString>
					<zmn:GM_LineString.controlPoint>
						<zmn:GM_PointArray.column>
							<zmn:GM_Position.indirect>
								<zmn:GM_PointRef.point idref="P000000017"/>
							</zmn:GM_Position.indirect>
						</zmn:GM_PointArray.column>
						<zmn:GM_PointArray.column>
							<zmn:GM_Position.indirect>
								<zmn:GM_PointRef.point idref="P000000016"/>
							</zmn:GM_Position.indirect>
						</zmn:GM_PointArray.column>
					</zmn:GM_LineString.controlPoint>
				</zmn:GM_LineString>
			</zmn:GM_Curve.segment>
		</zmn:GM_Curve>
		<zmn:GM_Curve id="C000000024">
			<zmn:GM_OrientablePrimitive.orientation>+</zmn:GM_OrientablePrimitive.orientation>
			<zmn:GM_OrientablePrimitive.primitive idref="C000000024"/>
			<zmn:GM_Curve.segment>
				<zmn:GM_LineString>
					<zmn:GM_LineString.controlPoint>
						<zmn:GM_PointArray.column>
							<zmn:GM_Position.indirect>
								<zmn:GM_PointRef.point idref="P000000016"/>
							</zmn:GM_Position.indirect>
						</zmn:GM_PointArray.column>
						<zmn:GM_PointArray.column>
							<zmn:GM_Position.indirect>
								<zmn:GM_PointRef.point idref="P000000013"/>
							</zmn:GM_Position.indirect>
						</zmn:GM_PointArray.column>
					</zmn:GM_LineString.controlPoint>
				</zmn:GM_LineString>
			</zmn:GM_Curve.segment>
		</zmn:GM_Curve>
		<zmn:GM_Curve id="C000000025">
			<zmn:GM_OrientablePrimitive.orientation>+</zmn:GM_OrientablePrimitive.orientation>
			<zmn:GM_OrientablePrimitive.primitive idref="C000000025"/>
			<zmn:GM_Curve.segment>
				<zmn:GM_LineString>
					<zmn:GM_LineString.controlPoint>
						<zmn:GM_PointArray.column>
							<zmn:GM_Position.indirect>
								<zmn:GM_PointRef.point idref="P000000013"/>
							</zmn:GM_Position.indirect>
						</zmn:GM_PointArray.column>
						<zmn:GM_PointArray.column>
							<zmn:GM_Position.indirect>
								<zmn:GM_PointRef.point idref="P000000015"/>
							</zmn:GM_Position.indirect>
						</zmn:GM_PointArray.column>
					</zmn:GM_LineString.controlPoint>
				</zmn:GM_LineString>
			</zmn:GM_Curve.segment>
		</zmn:GM_Curve>
		<zmn:GM_Curve id="C000000026">
			<zmn:GM_OrientablePrimitive.orientation>+</zmn:GM_OrientablePrimitive.orientation>
			<zmn:GM_OrientablePrimitive.primitive idref="C000000026"/>
			<zmn:GM_Curve.segment>
				<zmn:GM_LineString>
					<zmn:GM_LineString.controlPoint>
						<zmn:GM_PointArray.column>
							<zmn:GM_Position.indirect>
								<zmn:GM_PointRef.point idref="P000000015"/>
							</zmn:GM_Position.indirect>
						</zmn:GM_PointArray.column>
						<zmn:GM_PointArray.column>
							<zmn:GM_Position.indirect>
								<zmn:GM_PointRef.point idref="P000000012"/>
							</zmn:GM_Position.indirect>
						</zmn:GM_PointArray.column>
					</zmn:GM_LineString.controlPoint>
				</zmn:GM_LineString>
			</zmn:GM_Curve.segment>
		</zmn:GM_Curve>
		<zmn:GM_Surface id="F000000001">
			<zmn:GM_Surface.patch>
				<zmn:GM_Polygon>
					<zmn:GM_Polygon.boundary>
						<zmn:GM_SurfaceBoundary>
							<zmn:GM_SurfaceBoundary.exterior>
								<zmn:GM_Ring>
									<zmn:GM_CompositeCurve.generator idref="C000000003"/>
									<zmn:GM_CompositeCurve.generator idref="C000000004"/>
									<zmn:GM_CompositeCurve.generator idref="C000000005"/>
								</zmn:GM_Ring>
							</zmn:GM_SurfaceBoundary.exterior>
						</zmn:GM_SurfaceBoundary>
					</zmn:GM_Polygon.boundary>
				</zmn:GM_Polygon>
			</zmn:GM_Surface.patch>
		</zmn:GM_Surface>
		<zmn:GM_Surface id="F000000002">
			<zmn:GM_Surface.patch>
				<zmn:GM_Polygon>
					<zmn:GM_Polygon.boundary>
						<zmn:GM_SurfaceBoundary>
							<zmn:GM_SurfaceBoundary.exterior>
								<zmn:GM_Ring>
									<zmn:GM_CompositeCurve.generator idref="C000000006"/>
									<zmn:GM_CompositeCurve.generator idref="C000000007"/>
									<zmn:GM_CompositeCurve.generator idref="C000000008"/>
									<zmn:GM_CompositeCurve.generator idref="C000000009"/>
									<zmn:GM_CompositeCurve.generator idref="C000000010"/>
									<zmn:GM_CompositeCurve.generator idref="C000000011"/>
									<zmn:GM_CompositeCurve.generator idref="C000000012"/>
									<zmn:GM_CompositeCurve.generator idref="C000000013"/>
									<zmn:GM_CompositeCurve.generator idref="C000000014"/>
									<zmn:GM_CompositeCurve.generator idref="C000000015"/>
									<zmn:GM_CompositeCurve.generator idref="C000000016"/>
									<zmn:GM_CompositeCurve.generator idref="C000000017"/>
								</zmn:GM_Ring>
							</zmn:GM_SurfaceBoundary.exterior>
						</zmn:GM_SurfaceBoundary>
					</zmn:GM_Polygon.boundary>
				</zmn:GM_Polygon>
			</zmn:GM_Surface.patch>
		</zmn:GM_Surface>
		<zmn:GM_Surface id="F000000003">
			<zmn:GM_Surface.patch>
				<zmn:GM_Polygon>
					<zmn:GM_Polygon.boundary>
						<zmn:GM_SurfaceBoundary>
							<zmn:GM_SurfaceBoundary.exterior>
								<zmn:GM_Ring>
									<zmn:GM_CompositeCurve.generator idref="C000000018"/>
									<zmn:GM_CompositeCurve.generator idref="C000000019"/>
									<zmn:GM_CompositeCurve.generator idref="C000000020"/>
									<zmn:GM_CompositeCurve.generator idref="C000000021"/>
									<zmn:GM_CompositeCurve.generator idref="C000000022"/>
									<zmn:GM_CompositeCurve.generator idref="C000000023"/>
									<zmn:GM_CompositeCurve.generator idref="C000000024"/>
									<zmn:GM_CompositeCurve.generator idref="C000000025"/>
									<zmn:GM_CompositeCurve.generator idref="C000000026"/>
								</zmn:GM_Ring>
							</zmn:GM_SurfaceBoundary.exterior>
						</zmn:GM_SurfaceBoundary>
					</zmn:GM_Polygon.boundary>
				</zmn:GM_Polygon>
			</zmn:GM_Surface.patch>
		</zmn:GM_Surface>
	</空間属性>
	<主題属性>
		<基準点>
			<名称>043401TRB1</名称>
			<形状 idref="P000000001"/>
			<基準点種別>地籍図根多角点</基準点種別>
			<埋標区分>非埋標</埋標区分>
		</基準点>
		<基準点>
			<名称>043401TRB2</名称>
			<形状 idref="P000000002"/>
			<基準点種別>地籍図根多角点</基準点種別>
			<埋標区分>非埋標</埋標区分>
		</基準点>
		<基準点>
			<名称>043401TRB3</名称>
			<形状 idref="P000000003"/>
			<基準点種別>地籍図根多角点</基準点種別>
			<埋標区分>非埋標</埋標区分>
		</基準点>
		<基準点>
			<名称>043401TRB4</名称>
			<形状 idref="P000000004"/>
			<基準点種別>地籍図根三角点</基準点種別>
			<埋標区分>埋標（その他）</埋標区分>
		</基準点>
		<基準点>
			<名称>043401TRB5</名称>
			<形状 idref="P000000005"/>
			<基準点種別>地籍図根多角点</基準点種別>
			<埋標区分>非埋標</埋標区分>
		</基準点>
		<筆界点>
			<点番名>421069</点番名>
			<形状 idref="P000000006"/>
		</筆界点>
		<筆界点>
			<点番名>421070</点番名>
			<形状 idref="P000000007"/>
		</筆界点>
		<筆界点>
			<点番名>421071</点番名>
			<形状 idref="P000000008"/>
		</筆界点>
		<筆界点>
			<点番名>421072</点番名>
			<形状 idref="P000000009"/>
		</筆界点>
		<筆界点>
			<点番名>421073</点番名>
			<形状 idref="P000000010"/>
		</筆界点>
		<筆界点>
			<点番名>421074</点番名>
			<形状 idref="P000000011"/>
		</筆界点>
		<筆界点>
			<点番名>421075</点番名>
			<形状 idref="P000000012"/>
		</筆界点>
		<筆界点>
			<点番名>421076</点番名>
			<形状 idref="P000000013"/>
		</筆界点>
		<筆界点>
			<点番名>421077</点番名>
			<形状 idref="P000000014"/>
		</筆界点>
		<筆界点>
			<点番名>421078</点番名>
			<形状 idref="P000000015"/>
		</筆界点>
		<筆界点>
			<点番名>421079</点番名>
			<形状 idref="P000000016"/>
		</筆界点>
		<筆界点>
			<点番名>421080</点番名>
			<形状 idref="P000000017"/>
		</筆界点>
		<筆界点>
			<点番名>421081</点番名>
			<形状 idref="P000000018"/>
		</筆界点>
		<筆界線>
			<形状 idref="C000000003"/>
			<線種別>筆界線</線種別>
		</筆界線>
		<筆界線>
			<形状 idref="C000000004"/>
			<線種別>筆界線</線種別>
		</筆界線>
		<筆界線>
			<形状 idref="C000000005"/>
			<線種別>筆界線</線種別>
		</筆界線>
		<筆界線>
			<形状 idref="C000000006"/>
			<線種別>筆界線</線種別>
		</筆界線>
		<筆界線>
			<形状 idref="C000000007"/>
			<線種別>筆界線</線種別>
		</筆界線>
		<筆界線>
			<形状 idref="C000000008"/>
			<線種別>筆界線</線種別>
		</筆界線>
		<筆界線>
			<形状 idref="C000000009"/>
			<線種別>筆界線</線種別>
		</筆界線>
		<筆界線>
			<形状 idref="C000000010"/>
			<線種別>筆界線</線種別>
		</筆界線>
		<筆界線>
			<形状 idref="C000000011"/>
			<線種別>筆界線</線種別>
		</筆界線>
		<筆界線>
			<形状 idref="C000000012"/>
			<線種別>筆界線</線種別>
		</筆界線>
		<筆界線>
			<形状 idref="C000000013"/>
			<線種別>筆界線</線種別>
		</筆界線>
		<筆界線>
			<形状 idref="C000000014"/>
			<線種別>筆界線</線種別>
		</筆界線>
		<筆界線>
			<形状 idref="C000000015"/>
			<線種別>筆界線</線種別>
		</筆界線>
		<筆界線>
			<形状 idref="C000000016"/>
			<線種別>筆界線</線種別>
		</筆界線>
		<筆界線>
			<形状 idref="C000000017"/>
			<線種別>筆界線</線種別>
		</筆界線>
		<筆界線>
			<形状 idref="C000000018"/>
			<線種別>筆界線</線種別>
		</筆界線>
		<筆界線>
			<形状 idref="C000000019"/>
			<線種別>筆界線</線種別>
		</筆界線>
		<筆界線>
			<形状 idref="C000000020"/>
			<線種別>筆界線</線種別>
		</筆界線>
		<筆界線>
			<形状 idref="C000000021"/>
			<線種別>筆界線</線種別>
		</筆界線>
		<筆界線>
			<形状 idref="C000000022"/>
			<線種別>筆界線</線種別>
		</筆界線>
		<筆界線>
			<形状 idref="C000000023"/>
			<線種別>筆界線</線種別>
		</筆界線>
		<筆界線>
			<形状 idref="C000000024"/>
			<線種別>筆界線</線種別>
		</筆界線>
		<筆界線>
			<形状 idref="C000000025"/>
			<線種別>筆界線</線種別>
		</筆界線>
		<筆界線>
			<形状 idref="C000000026"/>
			<線種別>筆界線</線種別>
		</筆界線>
		<筆 id="H000000001">
			<大字コード>159</大字コード>
			<丁目コード>000</丁目コード>
			<小字コード>0000</小字コード>
			<予備コード>00</予備コード>
			<大字名>諸富町大字為重</大字名>
			<地番>70-3</地番>
			<形状 idref="F000000001"/>
			<精度区分>甲三</精度区分>
			<座標値種別>図上測量</座標値種別>
		</筆>
		<筆 id="H000000002">
			<大字コード>000</大字コード>
			<丁目コード>000</丁目コード>
			<小字コード>0000</小字コード>
			<予備コード>00</予備コード>
			<地番>地区外-516010</地番>
			<形状 idref="F000000002"/>
			<精度区分>甲三</精度区分>
			<座標値種別>図上測量</座標値種別>
		</筆>
		<筆 id="H000000003">
			<大字コード>000</大字コード>
			<丁目コード>000</丁目コード>
			<小字コード>0000</小字コード>
			<予備コード>00</予備コード>
			<地番>地区外-516011</地番>
			<形状 idref="F000000003"/>
			<精度区分>甲三</精度区分>
			<座標値種別>図上測量</座標値種別>
		</筆>
	</主題属性>
	<図郭>
		<地図番号>K   32-1</地図番号>
		<縮尺分母>500</縮尺分母>
		<方位不明フラグ>false</方位不明フラグ>
		<左下座標>
			<zmn:X>23622.675</zmn:X>
			<zmn:Y>-61820.723</zmn:Y>
		</左下座標>
		<左上座標>
			<zmn:X>23772.675</zmn:X>
			<zmn:Y>-61820.721</zmn:Y>
		</左上座標>
		<右下座標>
			<zmn:X>23622.672</zmn:X>
			<zmn:Y>-61620.725</zmn:Y>
		</右下座標>
		<右上座標>
			<zmn:X>23772.673</zmn:X>
			<zmn:Y>-61620.722</zmn:Y>
		</右上座標>
		<地図種類>土地改良所在図</地図種類>
		<地図分類>法第14条1項地図</地図分類>
		<地図材質>P-F</地図材質>
		<分割図葉>
			<調査年月>
				<年>1994</年>
				<月>6</月>
			</調査年月>
			<測図年月>
				<年>1994</年>
				<月>11</月>
			</測図年月>
		</分割図葉>
		<筆参照 idref="H000000001"/>
		<筆参照 idref="H000000002"/>
		<筆参照 idref="H000000003"/>
	</図郭>
</地図>
